TORSION3,L-BFGS-B,1,0.05465716600883752,1,5184,
WALL20,L-BFGS-B,0,26.303624500025762,1,5924,
TORSIONE,L-BFGS-B,1,0.03106499998830259,1,5184,
TORSION3,TNC,1,6.66282554101781,1,5184,
WALL20,TNC,0,0.07912279199808836,1,5924,
TORSIONE,TNC,1,4.2610974999843165,1,5184,
TORSION3,Powell,1,328.0923954999889,1,5184,
WALL20,Powell,0,1259.3986582919897,None,5924,
TORSIONE,Powell,1,89.63336883299053,1,5184,
TORSION3,Nelder-Mead,0,1200.0007817499863,None,5184,
WALL20,Nelder-Mead,0,1200.004921542015,None,5924,
TORSIONE,Nelder-Mead,0,1200.049038208992,None,5184,
HIMMELP1,L-BFGS-B,1,0.0018697500054258853,1,2,
SINEALI,L-BFGS-B,1,0.007139458000892773,1,1000,
EXPLIN,L-BFGS-B,1,0.00950229199952446,0,1200,
HIMMELP1,TNC,1,0.0009795840014703572,1,2,
SINEALI,TNC,1,0.011562333005713299,0,1000,
EXPLIN,TNC,1,0.22754045799956657,1,1200,
HIMMELP1,Powell,1,0.004615874990122393,1,2,
SINEALI,Powell,1,1.6488250000111293,1,1000,
EXPLIN,Powell,1,0.9612337500147987,1,1200,
HIMMELP1,Nelder-Mead,1,0.0014917080115992576,1,2,
SINEALI,Nelder-Mead,0,335.0025959579798,0,1000,
EXPLIN,Nelder-Mead,0,708.2108268339944,0,1200,
PALMER8E,L-BFGS-B,0,0.010678249993361533,1,8,
PALMER5B,L-BFGS-B,0,0.006099624995840713,1,9,
OSLBQP,L-BFGS-B,0,0.00086433399701491,1,8,
PALMER8E,TNC,0,0.0004160420212429017,1,8,
PALMER5B,TNC,0,0.0009813339856918901,1,9,
OSLBQP,TNC,0,0.00031183299142867327,1,8,
PALMER8E,Powell,0,0.04172170898527838,1,8,
PALMER5B,Powell,0,0.06594616698566824,1,9,
OSLBQP,Powell,0,0.008944417000748217,1,8,
PALMER8E,Nelder-Mead,0,0.01564691698877141,1,8,
PALMER5B,Nelder-Mead,0,0.01565304200630635,1,9,
OSLBQP,Nelder-Mead,0,0.010256290988763794,1,8,
TORSIOND,L-BFGS-B,1,0.0653278749960009,1,5184,
TORSION2,L-BFGS-B,1,0.11292595800478011,1,5184,
TORSIONF,L-BFGS-B,1,0.04112708300817758,1,5184,
TORSIOND,TNC,1,34.07593804199132,1,5184,
TORSION2,TNC,1,12.255271874979371,1,5184,
TORSIONF,TNC,0,34.85092783297296,1,5184,
TORSIOND,Powell,0,901.4802526249841,1,5184,
TORSION2,Powell,0,801.7666768750059,1,5184,
TORSIONF,Powell,0,889.0751814999967,1,5184,
TORSIOND,Nelder-Mead,0,1200.0097747500113,None,5184,
TORSION2,Nelder-Mead,0,1200.021709957975,None,5184,
TORSIONF,Nelder-Mead,0,1200.0091762920201,None,5184,
ALLINIT,L-BFGS-B,0,0.0016189579910133034,1,3,
WEEDS,L-BFGS-B,0,0.002363167004659772,1,3,
PENTDI,L-BFGS-B,0,0.013395499991020188,1,5000,
ALLINIT,TNC,0,0.0016202080005314201,1,3,
WEEDS,TNC,0,0.0002992499794345349,1,3,
PENTDI,TNC,0,0.005314540991093963,None,5000,
ALLINIT,Powell,0,0.024347124999621883,1,3,
WEEDS,Powell,0,0.004482792021008208,1,3,
PENTDI,Powell,0,124.63536512499559,1,5000,
ALLINIT,Nelder-Mead,0,0.0028774160018656403,1,3,
WEEDS,Nelder-Mead,0,0.002271999983349815,1,3,
PENTDI,Nelder-Mead,0,1200.0015222499787,None,5000,
SPECAN,L-BFGS-B,1,0.06686887500109151,1,9,
HARKERP2,L-BFGS-B,0,0.03847608299111016,1,1000,
PALMER4E,L-BFGS-B,0,0.003567082982044667,0,8,
SPECAN,TNC,1,0.05613866602652706,1,9,
HARKERP2,TNC,0,0.003758667007787153,None,1000,
PALMER4E,TNC,0,0.00034241599496454,1,8,
SPECAN,Powell,1,0.3990824999928009,1,9,
HARKERP2,Powell,0,175.39767029200448,1,1000,
PALMER4E,Powell,0,0.03778625000268221,1,8,
SPECAN,Nelder-Mead,1,0.2579729589924682,1,9,
HARKERP2,Nelder-Mead,0,474.54421412499505,1,1000,
PALMER4E,Nelder-Mead,0,0.017802917020162567,0,8,
PALMER5A,L-BFGS-B,0,0.0058184580120723695,1,8,
TORSION1,L-BFGS-B,1,0.065066500013927,1,5184,
BQPGASIM,L-BFGS-B,1,0.0014561669959221035,1,50,
PALMER5A,TNC,0,0.0009825830056797713,1,8,
TORSION1,TNC,1,12.239470915985294,1,5184,
BQPGASIM,TNC,1,0.0017494170169811696,1,50,
PALMER5A,Powell,0,0.016873958986252546,1,8,
TORSION1,Powell,0,790.5164074169879,1,5184,
BQPGASIM,Powell,1,0.04498345899628475,1,50,
PALMER5A,Nelder-Mead,0,0.018062874994939193,0,8,
TORSION1,Nelder-Mead,0,1200.0156135419966,None,5184,
BQPGASIM,Nelder-Mead,1,0.014611624996177852,1,50,
TORSIONC,L-BFGS-B,1,0.05488083400996402,1,5184,
TORSION5,L-BFGS-B,1,0.032063249993370846,1,5184,
PFIT1LS,L-BFGS-B,0,0.002202250005211681,1,3,
TORSIONC,TNC,1,7.364878082997166,1,5184,
TORSION5,TNC,1,3.9414572500099894,1,5184,
PFIT1LS,TNC,0,0.0007120410155039281,1,3,
TORSIONC,Powell,1,367.05237395799486,1,5184,
TORSION5,Powell,1,87.44010379101383,1,5184,
PFIT1LS,Powell,0,0.001920125010656193,0,3,
TORSIONC,Nelder-Mead,0,1200.0458725829958,None,5184,
TORSION5,Nelder-Mead,0,1200.0204242920154,None,5184,
PFIT1LS,Nelder-Mead,0,0.01196029200218618,1,3,
PALMER5E,L-BFGS-B,0,0.04997887500212528,1,8,
PALMER4A,L-BFGS-B,0,0.004888374998699874,1,6,
BDEXP,L-BFGS-B,0,0.02135908298077993,1,5000,
PALMER5E,TNC,0,0.00021220798953436315,1,8,
PALMER4A,TNC,0,0.0011085419973824173,1,6,
BDEXP,TNC,0,0.012331999983871356,None,5000,
PALMER5E,Powell,0,0.007647207996342331,1,8,
PALMER4A,Powell,0,0.013713499996811152,1,6,
BDEXP,Powell,0,40.05164683400653,None,5000,
PALMER5E,Nelder-Mead,0,0.014472959010163322,0,8,
PALMER4A,Nelder-Mead,0,0.01104100001975894,1,6,
BDEXP,Nelder-Mead,0,1200.0619292919873,None,5000,
HS110,L-BFGS-B,1,0.0016505410021636635,1,10,
EXPQUAD,L-BFGS-B,0,0.005275958013953641,1,1200,
BQPGAUSS,L-BFGS-B,1,1.809336209000321,1,2003,
HS110,TNC,1,0.0004514169995673001,1,10,
EXPQUAD,TNC,0,0.0014673339901492,1,1200,
BQPGAUSS,TNC,1,2.236747249990003,1,2003,
HS110,Powell,1,0.005449374992167577,1,10,
EXPQUAD,Powell,0,1.710616750002373,0,1200,
BQPGAUSS,Powell,0,150.34767595899757,0,2003,
HS110,Nelder-Mead,1,0.006372208008542657,1,10,
EXPQUAD,Nelder-Mead,0,683.8507383750111,0,1200,
BQPGAUSS,Nelder-Mead,0,1200.0031759999983,None,2003,
BIGGSB1,L-BFGS-B,0,1.4182579590124078,1,5000,
TORSION4,L-BFGS-B,1,0.06968575000064448,1,5184,
TORSIONB,L-BFGS-B,1,0.1229886670189444,1,5184,
BIGGSB1,TNC,0,0.006565416988451034,1,5000,
TORSION4,TNC,0,31.601677708007628,1,5184,
TORSIONB,TNC,1,13.307128916989313,1,5184,
BIGGSB1,Powell,0,216.67923520799377,1,5000,
TORSION4,Powell,0,797.9283702920075,1,5184,
TORSIONB,Powell,0,907.0038260000001,1,5184,
BIGGSB1,Nelder-Mead,0,1200.0653919999895,None,5000,
TORSION4,Nelder-Mead,0,1200.0438856249966,None,5184,
TORSIONB,Nelder-Mead,0,1200.0446822090016,None,5184,
LINVERSE,L-BFGS-B,0,0.08033254198380746,0,1999,
TORSION6,L-BFGS-B,1,0.04236399999354035,1,5184,
PALMER4B,L-BFGS-B,0,0.0011937090021092445,1,4,
LINVERSE,TNC,0,0.0168581249890849,0,1999,
TORSION6,TNC,0,31.95717125001829,1,5184,
PALMER4B,TNC,0,0.000704749982105568,1,4,
LINVERSE,Powell,0,80.77192995799123,0,1999,
TORSION6,Powell,0,803.8830365840113,1,5184,
PALMER4B,Powell,0,0.005816499993670732,1,4,
LINVERSE,Nelder-Mead,0,1200.0074512500141,None,1999,
TORSION6,Nelder-Mead,0,1200.0215930000122,None,5184,
PALMER4B,Nelder-Mead,0,0.0025460830074734986,0,4,
PALMER8A,L-BFGS-B,0,0.0034885419881902635,1,6,
QR3DLS,L-BFGS-B,0,3.6226776670082472,0,610,
PSPDOC,L-BFGS-B,0,0.0011417919886298478,1,4,
PALMER8A,TNC,0,0.000988499989034608,1,6,
QR3DLS,TNC,0,0.0018850420019589365,0,610,
PSPDOC,TNC,0,0.000739125011023134,1,4,
PALMER8A,Powell,0,0.0227242500113789,1,6,
QR3DLS,Powell,0,32.49241845900542,0,610,
PSPDOC,Powell,0,0.01909795799292624,1,4,
PALMER8A,Nelder-Mead,0,0.00713716697646305,1,6,
QR3DLS,Nelder-Mead,0,79.66660795800271,0,610,
PSPDOC,Nelder-Mead,0,0.004956832999596372,1,4,
PFIT3LS,L-BFGS-B,0,0.021494666987564415,1,3,
HS3MOD,L-BFGS-B,0,0.0010873750143218786,1,2,
TORSIONA,L-BFGS-B,1,0.09173979199840687,1,5184,
PFIT3LS,TNC,0,0.0004677500110119581,1,3,
HS3MOD,TNC,0,0.0003222079831175506,1,2,
TORSIONA,TNC,1,13.318216499988921,1,5184,
PFIT3LS,Powell,0,0.0013419580063782632,0,3,
HS3MOD,Powell,0,0.015089749998878688,1,2,
TORSIONA,Powell,0,891.6054944999923,1,5184,
PFIT3LS,Nelder-Mead,0,0.006609541975194588,1,3,
HS3MOD,Nelder-Mead,0,0.001190915994811803,1,2,
TORSIONA,Nelder-Mead,0,1200.0103572499938,None,5184,
OBSTCLAE,L-BFGS-B,1,0.24311870799283497,1,9604,
HS5,L-BFGS-B,1,0.001634665997698903,1,2,
3PK,L-BFGS-B,0,0.15304087501135655,1,30,
OBSTCLAE,TNC,0,111.36182087499765,1,9604,
HS5,TNC,1,0.000669291999656707,1,2,
3PK,TNC,0,0.0001415839942637831,None,30,
OBSTCLAE,Powell,0,1225.8900373340002,None,9604,
HS5,Powell,1,0.0016102079825941473,1,2,
3PK,Powell,0,0.1931367910001427,1,30,
OBSTCLAE,Nelder-Mead,0,1200.1483346249734,None,9604,
HS5,Nelder-Mead,1,0.002885249996325001,1,2,
3PK,Nelder-Mead,0,0.06518912501633167,1,30,
HS4,L-BFGS-B,0,0.001090208999812603,None,2,
PALMER3A,L-BFGS-B,0,0.005395166983362287,1,6,
PALMER2E,L-BFGS-B,0,0.003604958998039365,0,8,
HS4,TNC,0,0.00025579199427738786,None,2,
PALMER3A,TNC,0,0.0011641670134849846,1,6,
PALMER2E,TNC,0,0.0002790830039884895,1,8,
HS4,Powell,0,0.00837700002011843,1,2,
PALMER3A,Powell,0,0.014581124996766448,1,6,
PALMER2E,Powell,0,0.03526858301484026,1,8,
HS4,Nelder-Mead,0,0.00047312499373219907,None,2,
PALMER3A,Nelder-Mead,0,0.009399542002938688,1,6,
PALMER2E,Nelder-Mead,0,0.013675249996595085,1,8,
PFIT4LS,L-BFGS-B,0,0.02641720901010558,1,3,
EXPLIN2,L-BFGS-B,1,0.007103250012733042,0,1200,
HART6,L-BFGS-B,1,0.0011770830024033785,1,6,
PFIT4LS,TNC,0,0.0004122079990338534,1,3,
EXPLIN2,TNC,1,0.11645958299050108,1,1200,
HART6,TNC,1,0.0009169999975711107,1,6,
PFIT4LS,Powell,0,0.0012488329957704991,0,3,
EXPLIN2,Powell,1,0.6507486249902286,0,1200,
HART6,Powell,1,0.00703995898948051,1,6,
PFIT4LS,Nelder-Mead,0,0.0062658750102855265,0,3,
EXPLIN2,Nelder-Mead,0,683.5747048330086,0,1200,
HART6,Nelder-Mead,1,0.012183125014416873,1,6,
CHEBYQAD,L-BFGS-B,1,0.0048302919894922525,0,100,
MAXLIKA,L-BFGS-B,1,0.008924666995881125,0,8,
HS38,L-BFGS-B,1,0.001821458019549027,1,4,
CHEBYQAD,TNC,0,0.06687020900426432,0,100,
MAXLIKA,TNC,0,0.010689707996789366,1,8,
HS38,TNC,1,0.0009647080150898546,1,4,
CHEBYQAD,Powell,1,0.4045732500089798,0,100,
MAXLIKA,Powell,1,0.022100500005763024,1,8,
HS38,Powell,1,0.011730458005331457,1,4,
CHEBYQAD,Nelder-Mead,1,4.416074875014601,0,100,
MAXLIKA,Nelder-Mead,0,0.04333429201506078,1,8,
HS38,Nelder-Mead,1,0.006428000022424385,1,4,
KOEBHELB,L-BFGS-B,0,0.0014172079972922802,0,3,
PALMER3B,L-BFGS-B,0,0.0014953329809941351,1,4,
PALMER2B,L-BFGS-B,0,0.0024025000166147947,1,4,
KOEBHELB,TNC,0,0.0003513749979902059,1,3,
PALMER3B,TNC,0,0.0012090420059394091,1,4,
PALMER2B,TNC,0,0.0011587500048335642,1,4,
KOEBHELB,Powell,0,0.0049877919955179095,1,3,
PALMER3B,Powell,0,0.015787791984621435,1,4,
PALMER2B,Powell,0,0.011572582996450365,1,4,
KOEBHELB,Nelder-Mead,0,0.009654833003878593,1,3,
PALMER3B,Nelder-Mead,0,0.0027794170018751174,0,4,
PALMER2B,Nelder-Mead,0,0.00921629200456664,1,4,
HS3,L-BFGS-B,0,0.0012304170231800526,1,2,
HS2,L-BFGS-B,0,0.0013908749970141798,1,2,
S368,L-BFGS-B,1,0.001193417003378272,1,8,
HS3,TNC,0,0.0003339590039104223,1,2,
HS2,TNC,0,0.00105145902489312,1,2,
S368,TNC,1,0.0008923330169636756,1,8,
HS3,Powell,0,0.017909625021275133,1,2,
HS2,Powell,0,0.006332916993414983,1,2,
S368,Powell,1,0.008787583006778732,0,8,
HS3,Nelder-Mead,0,0.0010628339950926602,1,2,
HS2,Nelder-Mead,0,0.0010997909994330257,1,2,
S368,Nelder-Mead,0,0.023263500013854355,1,8,
PFIT2LS,L-BFGS-B,0,0.016468291985802352,1,3,
WALL50,L-BFGS-B,0,164.1817135839956,0,37311,
CHENHARK,L-BFGS-B,0,0.668128292018082,1,5000,
PFIT2LS,TNC,0,0.0004745839978568256,1,3,
WALL50,TNC,0,0.5020076660148334,1,37311,
CHENHARK,TNC,0,0.013395374990068376,None,5000,
PFIT2LS,Powell,0,0.0014264579804148525,0,3,
WALL50,Powell,0,3637.4246771250037,None,37311,
CHENHARK,Powell,0,236.0428025420115,1,5000,
PFIT2LS,Nelder-Mead,0,0.006768457998987287,1,3,
WALL50,Nelder-Mead,0,1210.1334383749927,None,37311,
CHENHARK,Nelder-Mead,0,1200.0297587499954,None,5000,
PALMER2A,L-BFGS-B,0,0.0037591250147670507,1,6,
PALMER3E,L-BFGS-B,0,0.002358249999815598,1,8,
OBSTCLBL,L-BFGS-B,1,0.15289158298401162,1,9604,
PALMER2A,TNC,0,0.0013392079854384065,1,6,
PALMER3E,TNC,0,0.00033695800811983645,1,8,
OBSTCLBL,TNC,1,72.5275459169934,1,9604,
PALMER2A,Powell,0,0.029987250018166378,1,6,
PALMER3E,Powell,0,0.03217858399148099,1,8,
OBSTCLBL,Powell,0,1219.3156702499837,None,9604,
PALMER2A,Nelder-Mead,0,0.013806542003294453,1,6,
PALMER3E,Nelder-Mead,0,0.016855042020324618,0,8,
OBSTCLBL,Nelder-Mead,0,1200.140605833003,None,9604,
DEGDIAG,L-BFGS-B,0,0.0,None,100001,
HS1,L-BFGS-B,0,0.003965332987718284,1,2,
OBSTCLBM,L-BFGS-B,0,0.0,None,9604,
DEGDIAG,TNC,0,0.0,None,100001,
HS1,TNC,0,0.0007344590267166495,1,2,
OBSTCLBM,TNC,0,0.0,None,9604,
DEGDIAG,Powell,0,0.0,None,100001,
HS1,Powell,0,0.0031803330057300627,1,2,
OBSTCLBM,Powell,0,0.0,None,9604,
DEGDIAG,Nelder-Mead,0,0.0,None,100001,
HS1,Nelder-Mead,0,0.0030657920287922025,1,2,
OBSTCLBM,Nelder-Mead,0,0.0,None,9604,
DEGTRID,L-BFGS-B,0,0.0,None,100001,
PALMER1A,L-BFGS-B,0,0.006737584015354514,1,6,
OBSTCLAL,L-BFGS-B,0,0.0,None,9604,
DEGTRID,TNC,0,0.0,None,100001,
PALMER1A,TNC,0,0.0010005419608205557,1,6,
OBSTCLAL,TNC,0,0.0,None,9604,
DEGTRID,Powell,0,0.0,None,100001,
PALMER1A,Powell,0,0.02169349999167025,1,6,
OBSTCLAL,Powell,0,0.0,None,9604,
DEGTRID,Nelder-Mead,0,0.0,None,100001,
PALMER1A,Nelder-Mead,0,0.026093749969732016,0,6,
OBSTCLAL,Nelder-Mead,0,0.0,None,9604,
LOGROS,L-BFGS-B,0,0.0029989589820615947,1,2,
MDHOLE,L-BFGS-B,0,0.0025441250181756914,1,2,
YFIT,L-BFGS-B,0,0.0017693749978207052,1,3,
LOGROS,TNC,0,0.00027545797638595104,None,2,
MDHOLE,TNC,0,0.00027420802507549524,1,2,
YFIT,TNC,0,0.00015554198762401938,1,3,
LOGROS,Powell,0,0.013059375050943345,1,2,
MDHOLE,Powell,0,0.001960208988748491,1,2,
YFIT,Powell,0,0.0012935000122524798,0,3,
LOGROS,Nelder-Mead,0,0.0006496249698102474,1,2,
MDHOLE,Nelder-Mead,0,0.0045602499740198255,1,2,
YFIT,Nelder-Mead,0,0.004287959018256515,1,3,
FBRAIN2LS,L-BFGS-B,1,0.02469712495803833,1,4,
SCOND1LS,L-BFGS-B,0,12.605931084020995,0,5000,
HATFLDA,L-BFGS-B,0,0.001802541024517268,1,4,
FBRAIN2LS,TNC,0,0.05603395897196606,1,4,
SCOND1LS,TNC,0,27.534640124998987,1,5000,
HATFLDA,TNC,0,0.0003572499845176935,None,4,
FBRAIN2LS,Powell,1,0.09293233399512246,0,4,
SCOND1LS,Powell,1,683.1810380420065,1,5000,
HATFLDA,Powell,0,0.04626366699812934,1,4,
FBRAIN2LS,Nelder-Mead,1,0.09355741599574685,1,4,
SCOND1LS,Nelder-Mead,0,1200.0291083750199,None,5000,
HATFLDA,Nelder-Mead,0,0.002669457986485213,1,4,
HATFLDC,L-BFGS-B,0,0.001774707983713597,1,25,
PALMER1B,L-BFGS-B,0,0.002325542038306594,1,4,
HATFLDC,TNC,0,0.0003789590555243194,1,25,
PALMER1B,TNC,0,0.0003187079564668238,1,4,
HATFLDC,Powell,0,0.10097012500045821,1,25,
PALMER1B,Powell,0,0.01345450000371784,1,4,
HATFLDC,Nelder-Mead,0,0.02821858401875943,1,25,
PALMER1B,Nelder-Mead,0,0.01021445804508403,1,4,
HS25,L-BFGS-B,1,0.0010408749803900719,0,3,
SIM2BQP,L-BFGS-B,1,0.0007281250436790287,None,1,
HS25,TNC,1,0.00032579200342297554,0,3,
SIM2BQP,TNC,1,0.0003012499655596912,None,1,
HS25,Powell,1,0.03331429202808067,1,3,
SIM2BQP,Powell,1,0.010876209009438753,None,1,
HS25,Nelder-Mead,1,0.0020851659937761724,1,3,
SIM2BQP,Nelder-Mead,1,0.00030512496596202254,None,1,
OBSTCLBU,L-BFGS-B,0,0.0,None,9604,
POWELLBC,L-BFGS-B,1,0.014882209012284875,0,1000,
OBSTCLBU,TNC,0,0.0,None,9604,
POWELLBC,TNC,1,8.961196624964941,1,1000,
OBSTCLBU,Powell,0,0.0,None,9604,
POWELLBC,Powell,1,44.73662133398466,0,1000,
OBSTCLBU,Nelder-Mead,0,0.0,None,9604,
POWELLBC,Nelder-Mead,0,577.5265332499985,0,1000,
CVXBQP1,L-BFGS-B,0,0.0,None,10000,
HATFLDB,L-BFGS-B,0,0.002149874984752387,1,4,
CVXBQP1,TNC,0,0.0,None,10000,
HATFLDB,TNC,0,0.00031529198167845607,1,4,
CVXBQP1,Powell,0,0.0,None,10000,
HATFLDB,Powell,0,0.018810292007401586,1,4,
CVXBQP1,Nelder-Mead,0,0.0,None,10000,
HATFLDB,Nelder-Mead,0,0.002198167028836906,1,4,
FBRAINLS,L-BFGS-B,1,0.008028124982956797,1,2,
SANTALS,L-BFGS-B,1,0.006022458022926003,1,21,
FBRAINLS,TNC,1,0.010518666997086257,1,2,
SANTALS,TNC,1,0.003914791974239051,1,21,
FBRAINLS,Powell,1,0.0162196250166744,1,2,
SANTALS,Powell,1,0.017546749964822084,0,21,
FBRAINLS,Nelder-Mead,1,0.00655095896217972,1,2,
SANTALS,Nelder-Mead,0,0.04976849997183308,0,21,
SIMBQP,L-BFGS-B,0,0.0007830840186215937,1,2,
CAMEL6,L-BFGS-B,1,0.0012082079774700105,1,2,
SIMBQP,TNC,0,0.00019824999617412686,1,2,
CAMEL6,TNC,1,0.00044370803516358137,1,2,
SIMBQP,Powell,0,0.005624333978630602,1,2,
CAMEL6,Powell,1,0.0019323329906910658,1,2,
SIMBQP,Nelder-Mead,0,0.0008272920385934412,1,2,
CAMEL6,Nelder-Mead,1,0.0013380000018514693,1,2,
GENROSEB,L-BFGS-B,1,0.023678000026848167,1,500,
PROBPENL,L-BFGS-B,1,0.0027874160441569984,1,500,
GENROSEB,TNC,1,0.09811424999497831,1,500,
PROBPENL,TNC,1,0.001302290998864919,1,500,
GENROSEB,Powell,1,0.1315001249895431,0,500,
PROBPENL,Powell,1,0.13498870795592666,1,500,
GENROSEB,Nelder-Mead,0,39.015989457955584,0,500,
PROBPENL,Nelder-Mead,0,39.04294891603058,0,500,
NONSCOMP,L-BFGS-B,1,0.03324420901481062,1,5000,
WALL100,L-BFGS-B,0,0.0,None,149624,
NONSCOMP,TNC,0,0.781435374985449,1,5000,
WALL100,TNC,0,0.0,None,149624,
NONSCOMP,Powell,1,188.8228433750337,0,5000,
WALL100,Powell,0,0.0,None,149624,
NONSCOMP,Nelder-Mead,0,1200.0585779160028,None,5000,
WALL100,Nelder-Mead,0,0.0,None,149624,
NCVXBQP1,L-BFGS-B,0,0.0,None,10000,
NCVXBQP3,L-BFGS-B,0,0.0,None,10000,
NCVXBQP1,TNC,0,0.0,None,10000,
NCVXBQP3,TNC,0,0.0,None,10000,
NCVXBQP1,Powell,0,0.0,None,10000,
NCVXBQP3,Powell,0,0.0,None,10000,
NCVXBQP1,Nelder-Mead,0,0.0,None,10000,
NCVXBQP3,Nelder-Mead,0,0.0,None,10000,
SISSER,CG,0,0.0015897909761406481,1,2,
CHWIRUT2LS,CG,0,0.009046291001141071,1,3,
SISSER,BFGS,0,0.00233179097995162,1,2,
CHWIRUT2LS,BFGS,0,0.0016104159876704216,1,3,
SISSER,dogleg,0,0.0004217500099912286,0,2,
CHWIRUT2LS,dogleg,0,0.00022554199676960707,0,3,
SISSER,trust-ncg,0,0.0010183749836869538,1,2,
CHWIRUT2LS,trust-ncg,0,0.00013045803643763065,None,3,
BOXPOWER,CG,0,0.08384287502849475,1,20000,
PALMER5C,CG,0,0.0026160419802181423,1,6,
BOXPOWER,BFGS,0,1247.7176247499883,None,20000,
PALMER5C,BFGS,0,0.0016029579564929008,1,6,
BOXPOWER,dogleg,0,171.50187691597966,1,20000,
PALMER5C,dogleg,0,0.0010216670343652368,1,6,
BOXPOWER,trust-ncg,0,174.46761266700923,1,20000,
PALMER5C,trust-ncg,0,0.001574625028297305,1,6,
DENSCHNB,CG,0,0.0015124999918043613,1,2,
GBRAINLS,CG,0,0.025894416961818933,1,2,
DENSCHNB,BFGS,0,0.0008854999905452132,1,2,
GBRAINLS,BFGS,0,0.003379834000952542,1,2,
DENSCHNB,dogleg,0,0.0003309999592602253,1,2,
GBRAINLS,dogleg,0,0.0045964589808136225,1,2,
DENSCHNB,trust-ncg,0,0.0003992909914813936,1,2,
GBRAINLS,trust-ncg,0,0.0077759159612469375,None,2,
MGH10LS,CG,0,0.014466541993897408,0,3,
TRIDIA,CG,0,1.0899905419792049,1,5000,
MGH10LS,BFGS,0,0.02842383401002735,1,3,
TRIDIA,BFGS,0,1200.5680467080092,None,5000,
MGH10LS,dogleg,0,0.00022187497233971953,0,3,
TRIDIA,dogleg,0,2.6840618749847636,1,5000,
MGH10LS,trust-ncg,0,0.0014227499486878514,0,3,
TRIDIA,trust-ncg,0,514.9017227089498,1,5000,
NONCVXU2,CG,0,26.688742625003215,1,5000,
DIXON3DQ,CG,0,2.635739499994088,1,10000,
NONCVXU2,BFGS,0,1200.5185242500156,None,5000,
DIXON3DQ,BFGS,0,1201.8969409589772,None,10000,
NONCVXU2,dogleg,0,0.1785698749590665,0,5000,
DIXON3DQ,dogleg,0,17.379340458021034,1,10000,
NONCVXU2,trust-ncg,0,28.435385666030925,0,5000,
DIXON3DQ,trust-ncg,0,0.07046045898459852,1,10000,
BOX3,CG,0,0.003157125029247254,1,3,
MODBEALE,CG,0,1.1607245409977622,1,20000,
BOX3,BFGS,0,0.0015710410079918802,1,3,
MODBEALE,BFGS,0,1270.950609374966,None,20000,
BOX3,dogleg,0,0.0005330420099198818,0,3,
MODBEALE,dogleg,0,2.905391249980312,0,20000,
BOX3,trust-ncg,0,0.0023252079845406115,0,3,
MODBEALE,trust-ncg,0,0.1274081250303425,0,20000,
NONDIA,CG,0,0.009969124977942556,1,5000,
NONDIA,BFGS,0,123.34265587502159,1,5000,
NONDIA,dogleg,0,0.33559891604818404,1,5000,
NONDIA,trust-ncg,0,0.036328540998511016,0,5000,
DENSCHNC,CG,0,0.0016409169766120613,1,2,
BA-L16LS,CG,0,0.0,None,66462,
DENSCHNC,BFGS,0,0.0016927089891396463,1,2,
BA-L16LS,BFGS,0,0.0,None,66462,
DENSCHNC,dogleg,0,0.004454084031749517,1,2,
BA-L16LS,dogleg,0,0.0,None,66462,
DENSCHNC,trust-ncg,0,0.0015822920249775052,1,2,
BA-L16LS,trust-ncg,0,0.0,None,66462,
LANCZOS3LS,CG,0,0.031955999962519854,1,6,
GAUSS1LS,CG,0,0.2880379999987781,1,8,
LANCZOS3LS,BFGS,0,0.0016708750044927,1,6,
GAUSS1LS,BFGS,0,0.003250958980061114,1,8,
LANCZOS3LS,dogleg,0,0.00030041701393201947,0,6,
GAUSS1LS,dogleg,0,0.0012007089680992067,1,8,
LANCZOS3LS,trust-ncg,0,0.0014957910170778632,0,6,
GAUSS1LS,trust-ncg,0,0.0004359589656814933,1,8,
MGH09LS,CG,0,0.004322500026319176,1,4,
LANCZOS1LS,CG,0,0.030596041993703693,1,6,
MGH09LS,BFGS,0,0.005375208973418921,1,4,
LANCZOS1LS,BFGS,0,0.0013235830119810998,1,6,
MGH09LS,dogleg,0,0.00035779201425611973,0,4,
LANCZOS1LS,dogleg,0,0.0001545000122860074,0,6,
MGH09LS,trust-ncg,0,0.0012225419632159173,0,4,
LANCZOS1LS,trust-ncg,0,0.0012986250221729279,0,6,
BA-L1LS,CG,0,0.005736166960559785,0,57,
BROYDN7D,CG,0,1.25340149999829,1,5000,
BA-L1LS,BFGS,0,0.009096833993680775,0,57,
BROYDN7D,BFGS,0,1162.7573476660182,1,5000,
BA-L1LS,dogleg,0,0.0021720840013585985,0,57,
BROYDN7D,dogleg,0,1.8668813749682158,0,5000,
BA-L1LS,trust-ncg,0,0.010317333973944187,0,57,
BROYDN7D,trust-ncg,0,0.05908008402911946,0,5000,
GAUSS3LS,CG,0,0.13228454103227705,1,8,
DENSCHNA,CG,0,0.0019946250249631703,1,2,
GAUSS3LS,BFGS,0,0.004067416011821479,1,8,
DENSCHNA,BFGS,0,0.0008392910240218043,1,2,
GAUSS3LS,dogleg,0,0.00033000000985339284,0,8,
DENSCHNA,dogleg,0,0.0006992080016061664,1,2,
GAUSS3LS,trust-ncg,0,0.0004646250163204968,0,8,
DENSCHNA,trust-ncg,0,0.0015742089599370956,1,2,
QUARTC,CG,0,0.013040332996752113,1,5000,
DIXMAANC,CG,0,0.010144916013814509,1,3000,
QUARTC,BFGS,0,1200.1369367919979,None,5000,
DIXMAANC,BFGS,0,141.32035862497287,1,3000,
QUARTC,dogleg,0,0.17554466699948534,1,5000,
DIXMAANC,dogleg,0,0.04942691599717364,0,3000,
QUARTC,trust-ncg,0,305.6010174579569,1,5000,
DIXMAANC,trust-ncg,0,0.03131933300755918,1,3000,
NELSONLS,CG,0,0.019239625020418316,1,3,
ARWHEAD,CG,0,0.024158541986253113,1,5000,
NELSONLS,BFGS,0,0.00847904197871685,1,3,
ARWHEAD,BFGS,0,9.105620999995153,1,5000,
NELSONLS,dogleg,0,0.00024183298228308558,0,3,
ARWHEAD,dogleg,0,4.745225916965865,1,5000,
NELSONLS,trust-ncg,0,9.766599396243691e-05,None,3,
ARWHEAD,trust-ncg,0,8.799751666025259,1,5000,
DIXMAANB,CG,0,0.007842874969355762,1,3000,
SBRYBND,CG,0,0.0,None,5000,
DIXMAANB,BFGS,0,84.24103416601429,1,3000,
SBRYBND,BFGS,0,0.0,None,5000,
DIXMAANB,dogleg,0,0.04303737502777949,0,3000,
SBRYBND,dogleg,0,0.0,None,5000,
DIXMAANB,trust-ncg,0,0.031149332993663847,1,3000,
SBRYBND,trust-ncg,0,0.0,None,5000,
LUKSAN21LS,CG,0,0.04857066698605195,1,100,
JIMACK,CG,0,268.4212754999753,0,3549,
LUKSAN21LS,BFGS,0,0.016199834004510194,1,100,
JIMACK,BFGS,0,788.218386915978,0,3549,
LUKSAN21LS,dogleg,0,0.0007665419834665954,0,100,
JIMACK,dogleg,0,0.20267224998679012,0,3549,
LUKSAN21LS,trust-ncg,0,0.8243630420183763,0,100,
JIMACK,trust-ncg,0,1200.1431164160022,None,3549,
BROYDN3DLS,CG,0,0.0,None,5000,
SENSORS,CG,0,0.046391790965572,1,100,
BROYDN3DLS,BFGS,0,0.0,None,5000,
SENSORS,BFGS,0,0.24935495801037177,1,100,
BROYDN3DLS,dogleg,0,0.0,None,5000,
SENSORS,dogleg,0,0.00209108303533867,0,100,
BROYDN3DLS,trust-ncg,0,0.0,None,5000,
SENSORS,trust-ncg,0,0.22427345800679177,1,100,
DENSCHND,CG,0,0.002021250023972243,0,3,
DANWOODLS,CG,0,0.0020593329682014883,0,2,
DENSCHND,BFGS,0,0.005553791997954249,1,3,
DANWOODLS,BFGS,0,0.001518791017588228,0,2,
DENSCHND,dogleg,0,0.0014725829823873937,0,3,
DANWOODLS,dogleg,0,0.0002419159864075482,0,2,
DENSCHND,trust-ncg,0,0.016868459002580494,1,3,
DANWOODLS,trust-ncg,0,0.00013220898108556867,None,2,
DIXMAANF,CG,0,0.12329374998807907,1,3000,
TQUARTIC,CG,0,0.0,None,5000,
DIXMAANF,BFGS,0,346.66272449999815,1,3000,
TQUARTIC,BFGS,0,0.0,None,5000,
DIXMAANF,dogleg,0,0.0464521250105463,0,3000,
TQUARTIC,dogleg,0,0.0,None,5000,
DIXMAANF,trust-ncg,0,4.147618208953645,1,3000,
TQUARTIC,trust-ncg,0,0.0,None,5000,
ZANGWIL2,CG,0,0.0010557500063441694,1,2,
DIXMAANP,CG,0,0.13555791700491682,0,3000,
ZANGWIL2,BFGS,0,0.0003412499791011214,1,2,
DIXMAANP,BFGS,0,467.3736075000488,1,3000,
ZANGWIL2,dogleg,0,0.0005554160452447832,1,2,
DIXMAANP,dogleg,0,0.04716920800274238,0,3000,
ZANGWIL2,trust-ncg,0,0.00021241704234853387,1,2,
DIXMAANP,trust-ncg,0,5.2795404579956084,0,3000,
DIXMAANG,CG,0,0.12050970899872482,1,3000,
CUBE,CG,0,0.004598999978043139,1,2,
DIXMAANG,BFGS,0,426.89414275001036,1,3000,
CUBE,BFGS,0,0.004545042000245303,1,2,
DIXMAANG,dogleg,0,0.04521433304762468,0,3000,
CUBE,dogleg,0,0.0026476249913685024,1,2,
DIXMAANG,trust-ncg,0,4.13485141703859,1,3000,
CUBE,trust-ncg,0,0.015142832999117672,1,2,
DENSCHNE,CG,0,0.0031094999867491424,1,3,
DMN15333LS,CG,0,202.82189529098105,0,99,
DENSCHNE,BFGS,0,0.002476916997693479,1,3,
DMN15333LS,BFGS,0,59.94927808298962,0,99,
DENSCHNE,dogleg,0,0.00033666699891909957,0,3,
DMN15333LS,dogleg,0,0.08837179199326783,0,99,
DENSCHNE,trust-ncg,0,0.0017253339756280184,0,3,
DMN15333LS,trust-ncg,0,23.915351957955863,0,99,
PALMER8C,CG,0,0.11195241601672024,1,8,
PALMER5D,CG,0,0.0023931670002639294,1,4,
PALMER8C,BFGS,0,0.0017292500124312937,1,8,
PALMER5D,BFGS,0,0.0009987920057028532,1,4,
PALMER8C,dogleg,0,0.0006815840024501085,1,8,
PALMER5D,dogleg,0,0.0009760829852893949,1,4,
PALMER8C,trust-ncg,0,0.00026766699738800526,1,8,
PALMER5D,trust-ncg,0,0.0007058330229483545,1,4,
EXPFIT,CG,0,0.0020960409892722964,1,2,
POWELLSG,CG,0,0.0,None,5000,
EXPFIT,BFGS,0,0.00135908299125731,1,2,
POWELLSG,BFGS,0,0.0,None,5000,
EXPFIT,dogleg,0,0.00034500000765547156,0,2,
POWELLSG,dogleg,0,0.0,None,5000,
EXPFIT,trust-ncg,0,0.00027887499891221523,0,2,
POWELLSG,trust-ncg,0,0.0,None,5000,
HELIX,CG,0,0.003104125033132732,1,3,
SSCOSINE,CG,0,0.0,None,5000,
HELIX,BFGS,0,0.0019817499560303986,1,3,
SSCOSINE,BFGS,0,0.0,None,5000,
HELIX,dogleg,0,0.0002864170237444341,0,3,
SSCOSINE,dogleg,0,0.0,None,5000,
HELIX,trust-ncg,0,0.00032129097962751985,1,3,
SSCOSINE,trust-ncg,0,0.0,None,5000,
DIXMAANE,CG,0,0.13824070803821087,1,3000,
FLETBV3M,CG,0,0.0,None,5000,
DIXMAANE,BFGS,0,129.51551337499404,1,3000,
FLETBV3M,BFGS,0,0.0,None,5000,
DIXMAANE,dogleg,0,0.05457112501608208,0,3000,
FLETBV3M,dogleg,0,0.0,None,5000,
DIXMAANE,trust-ncg,0,3.8452860830002464,1,3000,
FLETBV3M,trust-ncg,0,0.0,None,5000,
LSC2LS,CG,0,0.012828749953769147,1,3,
OSCIGRAD,CG,0,0.0,None,100000,
LSC2LS,BFGS,0,0.0034444169723428786,1,3,
OSCIGRAD,BFGS,0,0.0,None,100000,
LSC2LS,dogleg,0,0.00030262500513345003,0,3,
OSCIGRAD,dogleg,0,0.0,None,100000,
LSC2LS,trust-ncg,0,0.000568667019251734,0,3,
OSCIGRAD,trust-ncg,0,0.0,None,100000,
KOWOSB,CG,0,0.007383374962955713,1,4,
ARGTRIGLS,CG,0,0.5819106670096517,1,200,
KOWOSB,BFGS,0,0.0020830410066992044,1,4,
ARGTRIGLS,BFGS,0,0.09075004199985415,1,200,
KOWOSB,dogleg,0,0.0003290839958935976,0,4,
ARGTRIGLS,dogleg,0,0.014775042014662176,0,200,
KOWOSB,trust-ncg,0,0.0017278750310651958,0,4,
ARGTRIGLS,trust-ncg,0,53.00938770797802,1,200,
BA-L73LS,CG,0,0.0,None,33753,
DIXMAAND,CG,0,0.005370000028051436,1,3000,
BA-L73LS,BFGS,0,0.0,None,33753,
DIXMAAND,BFGS,0,241.2214450419997,1,3000,
BA-L73LS,dogleg,0,0.0,None,33753,
DIXMAAND,dogleg,0,0.04292795801302418,0,3000,
BA-L73LS,trust-ncg,0,0.0,None,33753,
DIXMAAND,trust-ncg,0,0.030341750010848045,1,3000,
S308,CG,0,0.0017554580117575824,1,2,
DENSCHNF,CG,0,0.0015232079895213246,1,2,
S308,BFGS,0,0.0015411250060424209,1,2,
DENSCHNF,BFGS,0,0.0011770420242100954,1,2,
S308,dogleg,0,0.0012414160300977528,1,2,
DENSCHNF,dogleg,0,0.0007276249816641212,1,2,
S308,trust-ncg,0,0.0021760829840786755,1,2,
DENSCHNF,trust-ncg,0,0.0067248750128783286,1,2,
FMINSURF,CG,0,0.0,None,5625,
PALMER4C,CG,0,0.09823045803932473,1,8,
FMINSURF,BFGS,0,0.0,None,5625,
PALMER4C,BFGS,0,0.0017097919480875134,1,8,
FMINSURF,dogleg,0,0.0,None,5625,
PALMER4C,dogleg,0,0.0006267089629545808,1,8,
FMINSURF,trust-ncg,0,0.0,None,5625,
PALMER4C,trust-ncg,0,0.0002550830249674618,1,8,
YFITU,CG,0,0.018228291999548674,1,3,
GAUSS2LS,CG,0,0.02949583303416148,1,8,
YFITU,BFGS,0,0.003170709009282291,1,3,
GAUSS2LS,BFGS,0,0.0056226670276373625,1,8,
YFITU,dogleg,0,0.0002526659518480301,0,3,
GAUSS2LS,dogleg,0,0.0017211249796673656,1,8,
YFITU,trust-ncg,0,0.019869125040713698,1,3,
GAUSS2LS,trust-ncg,0,0.00017787504475563765,None,8,
INDEFM,CG,0,0.0,None,100000,
SROSENBR,CG,0,0.0,None,5000,
INDEFM,BFGS,0,0.0,None,100000,
SROSENBR,BFGS,0,0.0,None,5000,
INDEFM,dogleg,0,0.0,None,100000,
SROSENBR,dogleg,0,0.0,None,5000,
INDEFM,trust-ncg,0,0.0,None,100000,
SROSENBR,trust-ncg,0,0.0,None,5000,
CHWIRUT1LS,CG,0,0.007236499979626387,1,3,
BA-L49LS,CG,0,0.0,None,23769,
CHWIRUT1LS,BFGS,0,0.0021577499574050307,1,3,
BA-L49LS,BFGS,0,0.0,None,23769,
CHWIRUT1LS,dogleg,0,0.0003522919723764062,0,3,
BA-L49LS,dogleg,0,0.0,None,23769,
CHWIRUT1LS,trust-ncg,0,0.00016737502301111817,None,3,
BA-L49LS,trust-ncg,0,0.0,None,23769,
VARDIM,CG,0,0.001201791048515588,1,200,
HAHN1LS,CG,0,0.14129308302653953,0,7,
VARDIM,BFGS,0,0.003942500043194741,1,200,
HAHN1LS,BFGS,0,0.010273707972373813,1,7,
VARDIM,dogleg,0,0.009698958019725978,1,200,
HAHN1LS,dogleg,0,0.0001924170064739883,0,7,
VARDIM,trust-ncg,0,0.0001314579858444631,0,200,
HAHN1LS,trust-ncg,0,0.0011427500285208225,0,7,
HIMMELBB,CG,0,0.001788749999832362,1,2,
VESUVIOLS,CG,0,0.00510570895858109,0,8,
HIMMELBB,BFGS,0,0.0006893750396557152,1,2,
VESUVIOLS,BFGS,0,0.03032695798901841,1,8,
HIMMELBB,dogleg,0,0.00032225000904873013,0,2,
VESUVIOLS,dogleg,0,0.0006276250351220369,0,8,
HIMMELBB,trust-ncg,0,0.0007510829600505531,0,2,
VESUVIOLS,trust-ncg,0,0.6857862920151092,1,8,
SPMSRTLS,CG,0,0.0,None,4999,
PALMER3C,CG,0,0.10331216698978096,1,8,
SPMSRTLS,BFGS,0,0.0,None,4999,
PALMER3C,BFGS,0,0.0017510409816168249,1,8,
SPMSRTLS,dogleg,0,0.0,None,4999,
PALMER3C,dogleg,0,0.0005910840118303895,1,8,
SPMSRTLS,trust-ncg,0,0.0,None,4999,
PALMER3C,trust-ncg,0,0.0002554169623181224,1,8,
TESTQUAD,CG,0,0.0,None,5000,
LUKSAN22LS,CG,0,0.5010470419656485,1,100,
TESTQUAD,BFGS,0,0.0,None,5000,
LUKSAN22LS,BFGS,0,0.037297583010513335,1,100,
TESTQUAD,dogleg,0,0.0,None,5000,
LUKSAN22LS,dogleg,0,0.002487707999534905,1,100,
TESTQUAD,trust-ncg,0,0.0,None,5000,
LUKSAN22LS,trust-ncg,0,0.006304125010501593,1,100,
CHNROSNB,CG,0,0.03627091599628329,1,50,
LOGHAIRY,CG,0,0.031157457968220115,1,2,
CHNROSNB,BFGS,0,0.014418500009924173,1,50,
LOGHAIRY,BFGS,0,0.006867207994218916,1,2,
CHNROSNB,dogleg,0,0.0006881660083308816,0,50,
LOGHAIRY,dogleg,0,0.0001336669665761292,0,2,
CHNROSNB,trust-ncg,0,0.0017672500107437372,0,50,
LOGHAIRY,trust-ncg,0,0.0009995420114137232,0,2,
SCURLY20,CG,0,0.0,None,10000,
BA-L52LS,CG,0,0.0,None,192627,
SCURLY20,BFGS,0,0.0,None,10000,
BA-L52LS,BFGS,0,0.0,None,192627,
SCURLY20,dogleg,0,0.0,None,10000,
BA-L52LS,dogleg,0,0.0,None,192627,
SCURLY20,trust-ncg,0,0.0,None,10000,
BA-L52LS,trust-ncg,0,0.0,None,192627,
LANCZOS2LS,CG,0,0.030807374976575375,1,6,
HEART6LS,CG,0,0.0741437500109896,1,6,
LANCZOS2LS,BFGS,0,0.001442041015252471,1,6,
HEART6LS,BFGS,0,0.04149870900437236,0,6,
LANCZOS2LS,dogleg,0,0.000238916021771729,0,6,
HEART6LS,dogleg,0,0.00013520801439881325,0,6,
LANCZOS2LS,trust-ncg,0,0.0014666669885627925,0,6,
HEART6LS,trust-ncg,0,0.048131082963664085,0,6,
HIMMELBG,CG,0,0.0015384589787572622,1,2,
GENHUMPS,CG,0,0.0,None,5000,
HIMMELBG,BFGS,0,0.0008455830393359065,1,2,
GENHUMPS,BFGS,0,0.0,None,5000,
HIMMELBG,dogleg,0,0.00032308296067640185,0,2,
GENHUMPS,dogleg,0,0.0,None,5000,
HIMMELBG,trust-ncg,0,0.0029760830220766366,1,2,
GENHUMPS,trust-ncg,0,0.0,None,5000,
FMINSRF2,CG,0,0.0,None,5625,
MARATOSB,CG,0,0.03167312504956499,1,2,
FMINSRF2,BFGS,0,0.0,None,5625,
MARATOSB,BFGS,0,0.017064750019926578,1,2,
FMINSRF2,dogleg,0,0.0,None,5625,
MARATOSB,dogleg,0,0.00039533397648483515,0,2,
FMINSRF2,trust-ncg,0,0.0,None,5625,
MARATOSB,trust-ncg,0,0.0009087909711524844,1,2,
TOINTQOR,CG,0,0.004582208988722414,1,50,
BRKMCC,CG,0,0.001024374971166253,1,2,
TOINTQOR,BFGS,0,0.004480749950744212,1,50,
BRKMCC,BFGS,0,0.0005943749565631151,1,2,
TOINTQOR,dogleg,0,0.000834709033370018,1,50,
BRKMCC,dogleg,0,0.0003992500132881105,1,2,
TOINTQOR,trust-ncg,0,0.0008195419795811176,1,50,
BRKMCC,trust-ncg,0,0.00039316603215411305,1,2,
POWELLBSLS,CG,0,0.00543004204519093,1,2,
SCURLY30,CG,0,0.0,None,10000,
POWELLBSLS,BFGS,0,0.009497916034888476,1,2,
SCURLY30,BFGS,0,0.0,None,10000,
POWELLBSLS,dogleg,0,0.00028729200130328536,0,2,
SCURLY30,dogleg,0,0.0,None,10000,
POWELLBSLS,trust-ncg,0,0.0001438329927623272,None,2,
SCURLY30,trust-ncg,0,0.0,None,10000,
HILBERTA,CG,0,0.0011703330092132092,1,2,
SINQUAD,CG,0,0.0,None,5000,
HILBERTA,BFGS,0,0.0007148750009946525,1,2,
SINQUAD,BFGS,0,0.0,None,5000,
HILBERTA,dogleg,0,0.0006098340381868184,1,2,
SINQUAD,dogleg,0,0.0,None,5000,
HILBERTA,trust-ncg,0,0.0035657089902088046,1,2,
SINQUAD,trust-ncg,0,0.0,None,5000,
SPARSINE,CG,0,0.0,None,5000,
SCHMVETT,CG,0,0.0,None,5000,
SPARSINE,BFGS,0,0.0,None,5000,
SCHMVETT,BFGS,0,0.0,None,5000,
SPARSINE,dogleg,0,0.0,None,5000,
SCHMVETT,dogleg,0,0.0,None,5000,
SPARSINE,trust-ncg,0,0.0,None,5000,
SCHMVETT,trust-ncg,0,0.0,None,5000,
PALMER2C,CG,0,0.10099162498954684,1,8,
HIMMELBF,CG,0,0.017441417032387108,1,4,
PALMER2C,BFGS,0,0.0017387500265613198,1,8,
HIMMELBF,BFGS,0,0.0019576249760575593,1,4,
PALMER2C,dogleg,0,0.0005859159864485264,1,8,
HIMMELBF,dogleg,0,0.00017783395014703274,0,4,
PALMER2C,trust-ncg,0,0.0011296250158920884,1,8,
HIMMELBF,trust-ncg,0,0.0011403749813325703,0,4,
ROSENBRTU,CG,0,0.006770749983843416,1,2,
CHAINWOO,CG,0,0.2736336669768207,1,4000,
ROSENBRTU,BFGS,0,0.004461292002815753,1,2,
CHAINWOO,BFGS,0,1200.7613411669736,None,4000,
ROSENBRTU,dogleg,0,0.0002799580106511712,0,2,
CHAINWOO,dogleg,0,1.7580465829814784,0,4000,
ROSENBRTU,trust-ncg,0,0.0007559999939985573,0,2,
CHAINWOO,trust-ncg,0,0.07748183299554512,0,4000,
STRATEC,CG,0,45.47268449998228,1,10,
FLETCHBV,CG,0,0.0,None,5000,
STRATEC,BFGS,0,1.6101761659956537,1,10,
FLETCHBV,BFGS,0,0.0,None,5000,
STRATEC,dogleg,0,0.3469349999795668,0,10,
FLETCHBV,dogleg,0,0.0,None,5000,
STRATEC,trust-ncg,0,45.876582958037034,0,10,
FLETCHBV,trust-ncg,0,0.0,None,5000,
FLETCHCR,CG,0,1.5256256670108996,1,1000,
POWER,CG,0,0.0,None,10000,
FLETCHCR,BFGS,0,76.43853541702265,1,1000,
POWER,BFGS,0,0.0,None,10000,
FLETCHCR,dogleg,0,0.010042209003586322,0,1000,
POWER,dogleg,0,0.0,None,10000,
FLETCHCR,trust-ncg,0,0.007732291996944696,0,1000,
POWER,trust-ncg,0,0.0,None,10000,
MGH17LS,CG,0,0.0033460829872637987,1,5,
BENNETT5LS,CG,0,0.006848874967545271,1,3,
MGH17LS,BFGS,0,0.0022524999803863466,1,5,
BENNETT5LS,BFGS,0,0.0057438749936409295,None,3,
MGH17LS,dogleg,0,0.0003582910285331309,0,5,
BENNETT5LS,dogleg,0,0.00024983304319903255,0,3,
MGH17LS,trust-ncg,0,0.025656124984379858,0,5,
BENNETT5LS,trust-ncg,0,0.00014558399561792612,None,3,
HILBERTB,CG,0,0.001518709002994001,1,10,
COSINE,CG,0,0.0,None,10000,
HILBERTB,BFGS,0,0.0011797500192187726,1,10,
COSINE,BFGS,0,0.0,None,10000,
HILBERTB,dogleg,0,0.0007424580398947,1,10,
COSINE,dogleg,0,0.0,None,10000,
HILBERTB,trust-ncg,0,0.0020053329644724727,1,10,
COSINE,trust-ncg,0,0.0,None,10000,
TOINTGSS,CG,0,0.0,None,5000,
DMN15332LS,CG,0,98.99193704099162,0,66,
TOINTGSS,BFGS,0,0.0,None,5000,
DMN15332LS,BFGS,0,66.78415812499588,0,66,
TOINTGSS,dogleg,0,0.0,None,5000,
DMN15332LS,dogleg,0,0.04340441699605435,0,66,
TOINTGSS,trust-ncg,0,0.0,None,5000,
DMN15332LS,trust-ncg,0,262.8129433330032,0,66,
CURLY10,CG,0,0.0,None,10000,
BROWNDEN,CG,0,0.005022042023483664,1,4,
CURLY10,BFGS,0,0.0,None,10000,
BROWNDEN,BFGS,0,0.005136583000421524,1,4,
CURLY10,dogleg,0,0.0,None,10000,
BROWNDEN,dogleg,0,0.0011562089785002172,1,4,
CURLY10,trust-ncg,0,0.0,None,10000,
BROWNDEN,trust-ncg,0,0.002082750026602298,1,4,
LSC1LS,CG,0,0.005271207948680967,1,3,
EDENSCH,CG,0,0.015262332977727056,1,2000,
LSC1LS,BFGS,0,0.004042749991640449,1,3,
EDENSCH,BFGS,0,78.22769629099639,1,2000,
LSC1LS,dogleg,0,0.0003078749869018793,0,3,
EDENSCH,dogleg,0,0.1760577920358628,0,2000,
LSC1LS,trust-ncg,0,0.0005073340144008398,0,3,
EDENSCH,trust-ncg,0,0.02855579199967906,1,2000,
HIMMELBH,CG,0,0.0014136250247247517,1,2,
INTEQNELS,CG,0,0.00119162502232939,1,12,
HIMMELBH,BFGS,0,0.0006759589887224138,1,2,
INTEQNELS,BFGS,0,0.0008985419990494847,1,12,
HIMMELBH,dogleg,0,0.00032495794584974647,1,2,
INTEQNELS,dogleg,0,0.0004960829974152148,1,12,
HIMMELBH,trust-ncg,0,0.0015808329917490482,1,2,
INTEQNELS,trust-ncg,0,0.0022726250463165343,1,12,
ENGVAL2,CG,0,0.0072589999763295054,1,3,
BRYBND,CG,0,0.0,None,5000,
ENGVAL2,BFGS,0,0.0020897089852951467,1,3,
BRYBND,BFGS,0,0.0,None,5000,
ENGVAL2,dogleg,0,0.000292833021376282,0,3,
BRYBND,dogleg,0,0.0,None,5000,
ENGVAL2,trust-ncg,0,0.019203250005375594,0,3,
BRYBND,trust-ncg,0,0.0,None,5000,
EXTROSNB,CG,0,0.010699416045099497,1,1000,
GAUSSIAN,CG,0,0.0009625410311855376,1,3,
EXTROSNB,BFGS,0,57.124542417004704,1,1000,
GAUSSIAN,BFGS,0,0.0005034580244682729,1,3,
EXTROSNB,dogleg,0,2.2104769999859855,1,1000,
GAUSSIAN,dogleg,0,0.0003287909785285592,1,3,
EXTROSNB,trust-ncg,0,0.009328207990620285,1,1000,
GAUSSIAN,trust-ncg,0,0.00255537498742342,1,3,
MISRA1BLS,CG,0,0.004981708014383912,1,2,
GULF,CG,0,0.01910787500673905,1,3,
MISRA1BLS,BFGS,0,0.004486209014430642,1,2,
GULF,BFGS,0,0.0034524580114521086,1,3,
MISRA1BLS,dogleg,0,0.0017406250117346644,1,2,
GULF,dogleg,0,0.00031183299142867327,0,3,
MISRA1BLS,trust-ncg,0,0.0014886249555274844,1,2,
GULF,trust-ncg,0,0.00018862501019611955,None,3,
CRAGGLVY,CG,0,0.0,None,5000,
LUKSAN15LS,CG,0,0.012995291966944933,0,100,
CRAGGLVY,BFGS,0,0.0,None,5000,
LUKSAN15LS,BFGS,0,0.036395000002812594,1,100,
CRAGGLVY,dogleg,0,0.0,None,5000,
LUKSAN15LS,dogleg,0,0.00046675000339746475,0,100,
CRAGGLVY,trust-ncg,0,0.0,None,5000,
LUKSAN15LS,trust-ncg,0,3.480399790976662,0,100,
CURLY20,CG,0,0.0,None,10000,
BROWNAL,CG,0,0.003085083037149161,1,200,
CURLY20,BFGS,0,0.0,None,10000,
BROWNAL,BFGS,0,0.012030249985400587,1,200,
CURLY20,dogleg,0,0.0,None,10000,
BROWNAL,dogleg,0,0.014372624980751425,0,200,
CURLY20,trust-ncg,0,0.0,None,10000,
BROWNAL,trust-ncg,0,0.0015641670324839652,0,200,
BIGGS6,CG,0,0.012843000004068017,0,6,
WOODS,CG,0,0.033835040987469256,1,4000,
BIGGS6,BFGS,0,0.002570791053585708,0,6,
WOODS,BFGS,0,1200.1566807920462,None,4000,
BIGGS6,dogleg,0,0.0002690000110305846,0,6,
WOODS,dogleg,0,2.6027119170175865,0,4000,
BIGGS6,trust-ncg,0,0.0011261249892413616,0,6,
WOODS,trust-ncg,0,0.02810362499440089,0,4000,
MSQRTALS,CG,0,3.587550750002265,1,1024,
ENGVAL1,CG,0,0.0,None,5000,
MSQRTALS,BFGS,0,41.13434537500143,1,1024,
ENGVAL1,BFGS,0,0.0,None,5000,
MSQRTALS,dogleg,0,0.017979374970309436,0,1024,
ENGVAL1,dogleg,0,0.0,None,5000,
MSQRTALS,trust-ncg,0,0.3762768330052495,0,1024,
ENGVAL1,trust-ncg,0,0.0,None,5000,
BROYDNBDLS,CG,0,0.0,None,5000,
SSI,CG,0,0.04542537499219179,1,3,
BROYDNBDLS,BFGS,0,0.0,None,5000,
SSI,BFGS,0,0.02226537500973791,1,3,
BROYDNBDLS,dogleg,0,0.0,None,5000,
SSI,dogleg,0,0.00018758303485810757,0,3,
BROYDNBDLS,trust-ncg,0,0.0,None,5000,
SSI,trust-ncg,0,0.013576249999459833,1,3,
LUKSAN17LS,CG,0,0.07569949998287484,0,100,
TOINTPSP,CG,0,0.008067707996815443,1,50,
LUKSAN17LS,BFGS,0,0.07290941599057987,0,100,
TOINTPSP,BFGS,0,0.005688042030669749,1,50,
LUKSAN17LS,dogleg,0,0.00032966595608741045,0,100,
TOINTPSP,dogleg,0,0.0013999170041643083,1,50,
LUKSAN17LS,trust-ncg,0,0.006782707991078496,0,100,
TOINTPSP,trust-ncg,0,0.0011166249751113355,1,50,
ROSENBR,CG,0,0.004450583015568554,1,2,
ROSZMAN1LS,CG,0,0.05060133303049952,1,4,
ROSENBR,BFGS,0,0.002299542014952749,1,2,
ROSZMAN1LS,BFGS,0,0.0035891669685952365,1,4,
ROSENBR,dogleg,0,0.0018831250490620732,1,2,
ROSZMAN1LS,dogleg,0,0.0001373330014757812,0,4,
ROSENBR,trust-ncg,0,0.0033507499611005187,0,2,
ROSZMAN1LS,trust-ncg,0,0.00039583403849974275,0,4,
HIELOW,CG,0,0.06861229200148955,1,3,
HIELOW,BFGS,0,0.013449583959300071,1,3,
HIELOW,dogleg,0,0.003467458998784423,0,3,
HIELOW,trust-ncg,0,0.0030327499844133854,None,3,
DQRTIC,CG,0,0.0,None,5000,
VIBRBEAM,CG,0,0.12763154204003513,1,8,
DQRTIC,BFGS,0,0.0,None,5000,
VIBRBEAM,BFGS,0,0.0035774580319412053,1,8,
DQRTIC,dogleg,0,0.0,None,5000,
VIBRBEAM,dogleg,0,0.0002304170047864318,0,8,
DQRTIC,trust-ncg,0,0.0,None,5000,
VIBRBEAM,trust-ncg,0,0.0004308749921619892,0,8,
FLETCBV3,CG,0,0.0,None,5000,
LIARWHD,CG,0,0.0,None,5000,
FLETCBV3,BFGS,0,0.0,None,5000,
LIARWHD,BFGS,0,0.0,None,5000,
FLETCBV3,dogleg,0,0.0,None,5000,
LIARWHD,dogleg,0,0.0,None,5000,
FLETCBV3,trust-ncg,0,0.0,None,5000,
LIARWHD,trust-ncg,0,0.0,None,5000,
OSCIPATH,CG,0,0.001840833981987089,0,10,
BARD,CG,0,0.0025451250257901847,1,3,
OSCIPATH,BFGS,0,0.0013208339805714786,0,10,
BARD,BFGS,0,0.0019132080487906933,1,3,
OSCIPATH,dogleg,0,0.07497862499440089,1,10,
BARD,dogleg,0,0.0008169170469045639,1,3,
OSCIPATH,trust-ncg,0,0.0008706669905222952,1,10,
BARD,trust-ncg,0,0.02486220799619332,1,3,
BDQRTIC,CG,0,0.0,None,5000,
BEALE,CG,0,0.0031171669834293425,1,2,
BDQRTIC,BFGS,0,0.0,None,5000,
BEALE,BFGS,0,0.0013677499955520034,1,2,
BDQRTIC,dogleg,0,0.0,None,5000,
BEALE,dogleg,0,0.0003147500101476908,0,2,
BDQRTIC,trust-ncg,0,0.0,None,5000,
BEALE,trust-ncg,0,0.0004262909642420709,1,2,
DQDRTIC,CG,0,0.0,None,5000,
SCURLY10,CG,0,0.0,None,10000,
DQDRTIC,BFGS,0,0.0,None,5000,
SCURLY10,BFGS,0,0.0,None,10000,
DQDRTIC,dogleg,0,0.0,None,5000,
SCURLY10,dogleg,0,0.0,None,10000,
DQDRTIC,trust-ncg,0,0.0,None,5000,
SCURLY10,trust-ncg,0,0.0,None,10000,
NONMSQRT,CG,0,0.0,None,4900,
FLETCBV2,CG,0,0.0,None,5000,
NONMSQRT,BFGS,0,0.0,None,4900,
FLETCBV2,BFGS,0,0.0,None,5000,
NONMSQRT,dogleg,0,0.0,None,4900,
FLETCBV2,dogleg,0,0.0,None,5000,
NONMSQRT,trust-ncg,0,0.0,None,4900,
FLETCBV2,trust-ncg,0,0.0,None,5000,
WATSON,CG,0,0.047759875014889985,1,12,
ARGLINA,CG,0,0.002429375017527491,1,200,
WATSON,BFGS,0,0.0019161670352332294,1,12,
ARGLINA,BFGS,0,0.0018888750346377492,1,200,
WATSON,dogleg,0,0.00021429196931421757,0,12,
ARGLINA,dogleg,0,0.1860658330260776,1,200,
WATSON,trust-ncg,0,0.00047324999468401074,0,12,
ARGLINA,trust-ncg,0,0.034802625013981014,1,200,
ALLINITU,CG,0,0.002006624999921769,1,4,
LUKSAN13LS,CG,0,0.01758429198525846,1,98,
ALLINITU,BFGS,0,0.0010752920061349869,1,4,
LUKSAN13LS,BFGS,0,0.028337833005934954,1,98,
ALLINITU,dogleg,0,0.00032420799834653735,0,4,
LUKSAN13LS,dogleg,0,0.000697124982252717,0,98,
ALLINITU,trust-ncg,0,0.0005513340001925826,1,4,
LUKSAN13LS,trust-ncg,0,0.01946783298626542,0,98,
BA-L1SPLS,CG,0,0.008585250005126,0,57,
MISRA1DLS,CG,0,0.006836207991000265,1,2,
BA-L1SPLS,BFGS,0,0.011836207995656878,0,57,
MISRA1DLS,BFGS,0,0.0019232910126447678,1,2,
BA-L1SPLS,dogleg,0,0.000509665987920016,0,57,
MISRA1DLS,dogleg,0,0.0011610409710556269,1,2,
BA-L1SPLS,trust-ncg,0,0.003994041995611042,0,57,
MISRA1DLS,trust-ncg,0,0.0016244169673882425,1,2,
NCB20B,CG,0,0.0,None,5000,
MEXHAT,CG,0,0.002929000009316951,1,2,
NCB20B,BFGS,0,0.0,None,5000,
MEXHAT,BFGS,0,0.004349583003204316,1,2,
NCB20B,dogleg,0,0.0,None,5000,
MEXHAT,dogleg,0,0.0024062920128926635,1,2,
NCB20B,trust-ncg,0,0.0,None,5000,
MEXHAT,trust-ncg,0,0.001625542005058378,1,2,
EIGENBLS,CG,0,93.92413566698087,0,2550,
HATFLDE,CG,0,0.006266416981816292,1,3,
EIGENBLS,BFGS,0,1200.0693072910071,None,2550,
HATFLDE,BFGS,0,0.002621958963572979,1,3,
EIGENBLS,dogleg,0,0.14348304097075015,0,2550,
HATFLDE,dogleg,0,0.0003885420155711472,0,3,
EIGENBLS,trust-ncg,0,1.2029129999573343,0,2550,
HATFLDE,trust-ncg,0,0.0021757089998573065,0,3,
VESUVIALS,CG,0,0.6112760420073755,1,8,
DMN37143LS,CG,0,184.33830470900284,0,99,
VESUVIALS,BFGS,0,0.02863520896062255,1,8,
DMN37143LS,BFGS,0,145.86927145795198,0,99,
VESUVIALS,dogleg,0,0.0006522499606944621,1,8,
DMN37143LS,dogleg,0,0.0893335830187425,0,99,
VESUVIALS,trust-ncg,0,0.011292000010143965,1,8,
DMN37143LS,trust-ncg,0,3.160702749970369,0,99,
BROWNBS,CG,0,0.0015230830176733434,1,2,
LUKSAN11LS,CG,0,0.09131229197373614,1,100,
BROWNBS,BFGS,0,0.0012040409492328763,1,2,
LUKSAN11LS,BFGS,0,0.09562133403960615,1,100,
BROWNBS,dogleg,0,0.00046120904153212905,0,2,
LUKSAN11LS,dogleg,0,0.00019991700537502766,0,100,
BROWNBS,trust-ncg,0,0.022485709050670266,1,2,
LUKSAN11LS,trust-ncg,0,0.00011308403918519616,0,100,
PALMER1D,CG,0,0.08875333302421495,1,7,
DMN15102LS,CG,0,98.40801170800114,0,66,
PALMER1D,BFGS,0,0.0010613750200718641,1,7,
DMN15102LS,BFGS,0,42.385717041033786,0,66,
PALMER1D,dogleg,0,0.0006418749690055847,1,7,
DMN15102LS,dogleg,0,0.04361687501659617,0,66,
PALMER1D,trust-ncg,0,0.0002637910074554384,1,7,
DMN15102LS,trust-ncg,0,0.10736849997192621,0,66,
MNISTS0LS,CG,0,220.03049820801243,1,494,
ARGLINC,CG,0,0.012466416985262185,0,200,
MNISTS0LS,BFGS,0,9.619374124973547,1,494,
ARGLINC,BFGS,0,0.005160708038602024,0,200,
MNISTS0LS,dogleg,0,31.521936292003375,0,494,
ARGLINC,dogleg,0,0.031670792028307915,0,200,
MNISTS0LS,trust-ncg,0,0.35386295802891254,0,494,
ARGLINC,trust-ncg,0,0.03204683295916766,0,200,
CURLY30,CG,0,0.0,None,10000,
ERRINRSM,CG,0,0.4386112500214949,1,50,
CURLY30,BFGS,0,0.0,None,10000,
ERRINRSM,BFGS,0,0.0265300830360502,1,50,
CURLY30,dogleg,0,0.0,None,10000,
ERRINRSM,dogleg,0,0.0009672089945524931,0,50,
CURLY30,trust-ncg,0,0.0,None,10000,
ERRINRSM,trust-ncg,0,0.0020638330024667084,1,50,
ARGLINB,CG,0,0.003527041000779718,0,200,
RAT43LS,CG,0,0.03105762496124953,1,4,
ARGLINB,BFGS,0,0.010268541984260082,0,200,
RAT43LS,BFGS,0,0.004203791962936521,1,4,
ARGLINB,dogleg,0,0.0326731659588404,0,200,
RAT43LS,dogleg,0,0.00015779200475662947,0,4,
ARGLINB,trust-ncg,0,0.061089916969649494,0,200,
RAT43LS,trust-ncg,0,0.0008076250087469816,None,4,
YATP1LS,CG,0,0.0,None,123200,
HEART8LS,CG,0,0.021879459032788873,1,8,
YATP1LS,BFGS,0,0.0,None,123200,
HEART8LS,BFGS,0,0.0352740419912152,1,8,
YATP1LS,dogleg,0,0.0,None,123200,
HEART8LS,dogleg,0,0.0002602090244181454,0,8,
YATP1LS,trust-ncg,0,0.0,None,123200,
HEART8LS,trust-ncg,0,0.0766296669607982,0,8,
HATFLDD,CG,0,0.0041038329945877194,1,3,
SNAIL,CG,0,0.009048290958162397,1,2,
HATFLDD,BFGS,0,0.0022997080232016742,1,3,
SNAIL,BFGS,0,0.006825999997090548,1,2,
HATFLDD,dogleg,0,0.0003215410397388041,0,3,
SNAIL,dogleg,0,0.00036212499253451824,0,2,
HATFLDD,trust-ncg,0,0.0005230000242590904,0,3,
SNAIL,trust-ncg,0,0.00019820802845060825,0,2,
LUKSAN16LS,CG,0,0.006860458001028746,1,100,
FREUROTH,CG,0,0.0,None,5000,
LUKSAN16LS,BFGS,0,0.015154791995882988,1,100,
FREUROTH,BFGS,0,0.0,None,5000,
LUKSAN16LS,dogleg,0,0.0005081670242361724,1,100,
FREUROTH,dogleg,0,0.0,None,5000,
LUKSAN16LS,trust-ncg,0,0.00043412495870143175,None,100,
FREUROTH,trust-ncg,0,0.0,None,5000,
MISRA1ALS,CG,0,0.001783125044312328,1,2,
HUMPS,CG,0,0.006976541015319526,1,2,
MISRA1ALS,BFGS,0,0.005506124987732619,1,2,
HUMPS,BFGS,0,0.011975458997767419,1,2,
MISRA1ALS,dogleg,0,0.0007008749525994062,0,2,
HUMPS,dogleg,0,0.0001391660189256072,0,2,
MISRA1ALS,trust-ncg,0,0.0008249590173363686,1,2,
HUMPS,trust-ncg,0,0.010238457995001227,0,2,
ERRINROS,CG,0,0.19090595800662413,1,50,
DIXMAANI,CG,0,0.33047325001098216,1,3000,
ERRINROS,BFGS,0,0.017252332996577024,1,50,
DIXMAANI,BFGS,0,1200.1388618749916,None,3000,
ERRINROS,dogleg,0,0.0008864579722285271,0,50,
DIXMAANI,dogleg,0,0.05500612501055002,0,3000,
ERRINROS,trust-ncg,0,0.011391417006962001,1,50,
DIXMAANI,trust-ncg,0,28.198744166002143,1,3000,
PENALTY2,CG,0,0.020233583985827863,1,200,
GENROSE,CG,0,0.163387208012864,1,500,
PENALTY2,BFGS,0,0.08203424996463582,1,200,
GENROSE,BFGS,0,3.2499450420145877,1,500,
PENALTY2,dogleg,0,0.003411250014323741,1,200,
GENROSE,dogleg,0,0.001132124976720661,0,500,
PENALTY2,trust-ncg,0,0.0018032920197583735,None,200,
GENROSE,trust-ncg,0,0.0016716250102035701,0,500,
SSBRYBND,CG,0,0.0,None,5000,
PENALTY3,CG,0,0.5809699999517761,0,200,
SSBRYBND,BFGS,0,0.0,None,5000,
PENALTY3,BFGS,0,1.163681333011482,1,200,
SSBRYBND,dogleg,0,0.0,None,5000,
PENALTY3,dogleg,0,0.010323582973796874,0,200,
SSBRYBND,trust-ncg,0,0.0,None,5000,
PENALTY3,trust-ncg,0,0.0070039170095697045,None,200,
TOINTGOR,CG,0,0.01236925000557676,1,50,
OSBORNEB,CG,0,0.045540958002675325,1,11,
TOINTGOR,BFGS,0,0.004022584005724639,1,50,
OSBORNEB,BFGS,0,0.003114124992862344,1,11,
TOINTGOR,dogleg,0,0.0010419170139357448,1,50,
OSBORNEB,dogleg,0,0.00018633302533999085,0,11,
TOINTGOR,trust-ncg,0,0.0005708339740522206,1,50,
OSBORNEB,trust-ncg,0,0.00013358297292143106,None,11,
DIXMAANH,CG,0,0.08176941599231213,1,3000,
HATFLDFL,CG,0,0.001858250005170703,1,3,
DIXMAANH,BFGS,0,840.2040769589948,1,3000,
HATFLDFL,BFGS,0,0.0008576249820180237,1,3,
DIXMAANH,dogleg,0,0.04765687504550442,0,3000,
HATFLDFL,dogleg,0,0.00035341596230864525,0,3,
DIXMAANH,trust-ncg,0,4.172341125027742,1,3000,
HATFLDFL,trust-ncg,0,0.0005084999720565975,0,3,
NONDQUAR,CG,0,0.0,None,5000,
PALMER7C,CG,0,0.08911479101516306,1,8,
NONDQUAR,BFGS,0,0.0,None,5000,
PALMER7C,BFGS,0,0.0017872499884106219,1,8,
NONDQUAR,dogleg,0,0.0,None,5000,
PALMER7C,dogleg,0,0.0007411669939756393,1,8,
NONDQUAR,trust-ncg,0,0.0,None,5000,
PALMER7C,trust-ncg,0,0.0002696669544093311,1,8,
HYDC20LS,CG,0,1.4015966249862686,0,99,
ENSOLS,CG,0,0.006418332981411368,1,9,
HYDC20LS,BFGS,0,2.1685589579865336,0,99,
ENSOLS,BFGS,0,0.0023674159892834723,1,9,
HYDC20LS,dogleg,0,0.0003370419726707041,0,99,
ENSOLS,dogleg,0,0.0002346250112168491,0,9,
HYDC20LS,trust-ncg,0,0.05565466597909108,None,99,
ENSOLS,trust-ncg,0,0.0003279589582234621,0,9,
BA-L21LS,CG,0,0.0,None,34134,
BOX,CG,0,0.0,None,10000,
BA-L21LS,BFGS,0,0.0,None,34134,
BOX,BFGS,0,0.0,None,10000,
BA-L21LS,dogleg,0,0.0,None,34134,
BOX,dogleg,0,0.0,None,10000,
BA-L21LS,trust-ncg,0,0.0,None,34134,
BOX,trust-ncg,0,0.0,None,10000,
INDEF,CG,0,0.0,None,5000,
DIXMAANJ,CG,0,0.07064441603142768,0,3000,
INDEF,BFGS,0,0.0,None,5000,
DIXMAANJ,BFGS,0,1200.019961916958,None,3000,
INDEF,dogleg,0,0.0,None,5000,
DIXMAANJ,dogleg,0,0.0430835000006482,0,3000,
INDEF,trust-ncg,0,0.0,None,5000,
DIXMAANJ,trust-ncg,0,2.3032072499627247,0,3000,
PENALTY1,CG,0,0.0048766249674372375,1,1000,
NONCVXUN,CG,0,0.0,None,5000,
PENALTY1,BFGS,0,19.60669141600374,1,1000,
NONCVXUN,BFGS,0,0.0,None,5000,
PENALTY1,dogleg,0,0.5226358330110088,1,1000,
NONCVXUN,dogleg,0,0.0,None,5000,
PENALTY1,trust-ncg,0,0.010504959034733474,1,1000,
NONCVXUN,trust-ncg,0,0.0,None,5000,
OSBORNEA,CG,0,0.0560005420120433,1,5,
AKIVA,CG,0,0.0030246669775806367,1,2,
OSBORNEA,BFGS,0,0.0022434170241467655,1,5,
AKIVA,BFGS,0,0.0012563749914988875,1,2,
OSBORNEA,dogleg,0,0.00019950000569224358,0,5,
AKIVA,dogleg,0,0.0009203749941661954,1,2,
OSBORNEA,trust-ncg,0,8.270901162177324e-05,None,5,
AKIVA,trust-ncg,0,0.003106500022113323,1,2,
DIXMAANK,CG,0,0.06198229198344052,0,3000,
MSQRTBLS,CG,0,4.930205415992532,1,1024,
DIXMAANK,BFGS,0,1200.275116166973,None,3000,
MSQRTBLS,BFGS,0,37.023369124974124,1,1024,
DIXMAANK,dogleg,0,0.04466620797757059,0,3000,
MSQRTBLS,dogleg,0,0.019822040980216116,0,1024,
DIXMAANK,trust-ncg,0,1.8877352499985136,0,3000,
MSQRTBLS,trust-ncg,0,0.37929775001248345,0,1024,
LUKSAN14LS,CG,0,0.012828083999920636,1,98,
JENSMP,CG,0,0.0033359589870087802,1,2,
LUKSAN14LS,BFGS,0,0.03079862496815622,1,98,
JENSMP,BFGS,0,0.0023670000373385847,1,2,
LUKSAN14LS,dogleg,0,0.0008610420045442879,0,98,
JENSMP,dogleg,0,0.000795917003415525,1,2,
LUKSAN14LS,trust-ncg,0,0.004393582988996059,1,98,
JENSMP,trust-ncg,0,0.0005013750051148236,None,2,
THURBERLS,CG,0,0.07612354098819196,0,7,
FBRAIN3LS,CG,0,2.292853874969296,1,6,
THURBERLS,BFGS,0,0.0036559589789249003,1,7,
FBRAIN3LS,BFGS,0,0.8244993340340443,1,6,
THURBERLS,dogleg,0,0.00022079201880842447,0,7,
FBRAIN3LS,dogleg,0,0.0018982500187121332,0,6,
THURBERLS,trust-ncg,0,0.0017745419754646719,0,7,
FBRAIN3LS,trust-ncg,0,0.09755300002871081,0,6,
